"id","imagen","producto_id","created_at","updated_at"
"1","Tech Solutions S.L._682648d38f1e0.webp","1","2025-05-15 20:04:35","2025-05-15 20:04:35"
"2","Tech Solutions S.L._682648d39031f.webp","1","2025-05-15 20:04:35","2025-05-15 20:04:35"
"3","Tech Solutions S.L._6826491da4f34.webp","2","2025-05-15 20:05:49","2025-05-15 20:05:49"
"4","Tech Solutions S.L._6826491da6a1f.webp","2","2025-05-15 20:05:49","2025-05-15 20:05:49"
"5","Tech Solutions S.L._6826491da79bd.webp","2","2025-05-15 20:05:49","2025-05-15 20:05:49"
"6","Tech Solutions S.L._6826496a62cc7.webp","3","2025-05-15 20:07:06","2025-05-15 20:07:06"
"7","Tech Solutions S.L._6826496a63d71.webp","3","2025-05-15 20:07:06","2025-05-15 20:07:06"
"8","Tech Solutions S.L._6826496a65bd0.webp","3","2025-05-15 20:07:06","2025-05-15 20:07:06"
"9","Tech Solutions S.L._682649a5bce61.webp","4","2025-05-15 20:08:05","2025-05-15 20:08:05"
"10","Tech Solutions S.L._682649a5bee18.webp","4","2025-05-15 20:08:05","2025-05-15 20:08:05"
"11","Tech Solutions S.L._682649a5bfdef.webp","4","2025-05-15 20:08:05","2025-05-15 20:08:05"
"12","Tech Solutions S.L._682649e82ca2c.webp","5","2025-05-15 20:09:12","2025-05-15 20:09:12"
"13","Tech Solutions S.L._682649e82da9d.webp","5","2025-05-15 20:09:12","2025-05-15 20:09:12"
"14","Tech Solutions S.L._682649e82e952.webp","5","2025-05-15 20:09:12","2025-05-15 20:09:12"
"15","Tech Solutions S.L._68264a269b98e.webp","6","2025-05-15 20:10:14","2025-05-15 20:10:14"
"16","Tech Solutions S.L._68264a269d711.webp","6","2025-05-15 20:10:14","2025-05-15 20:10:14"
"17","Tech Solutions S.L._68264a5d8beeb.webp","7","2025-05-15 20:11:09","2025-05-15 20:11:09"
"18","Tech Solutions S.L._68264a5d8ce3b.webp","7","2025-05-15 20:11:09","2025-05-15 20:11:09"
"19","Tech Solutions S.L._68264a5d8ee00.webp","7","2025-05-15 20:11:09","2025-05-15 20:11:09"
"20","Tech Solutions S.L._68264a9f00c28.webp","8","2025-05-15 20:12:15","2025-05-15 20:12:15"
"21","Tech Solutions S.L._68264a9f02449.webp","8","2025-05-15 20:12:15","2025-05-15 20:12:15"
"22","Tech Solutions S.L._68264a9f033c9.webp","8","2025-05-15 20:12:15","2025-05-15 20:12:15"
"23","Tech Solutions S.L._68264a9f051fe.webp","8","2025-05-15 20:12:15","2025-05-15 20:12:15"
"24","Tech Solutions S.L._68264ae25a47f.webp","9","2025-05-15 20:13:22","2025-05-15 20:13:22"
"25","Tech Solutions S.L._68264ae25b629.webp","9","2025-05-15 20:13:22","2025-05-15 20:13:22"
"26","Tech Solutions S.L._68264ae25c721.webp","9","2025-05-15 20:13:22","2025-05-15 20:13:22"
"27","Tech Solutions S.L._68264b2299395.webp","10","2025-05-15 20:14:26","2025-05-15 20:14:26"
"28","Tech Solutions S.L._68264b229a4d3.webp","10","2025-05-15 20:14:26","2025-05-15 20:14:26"
"29","Tech Solutions S.L._68264b229b488.webp","10","2025-05-15 20:14:26","2025-05-15 20:14:26"
"30","Tech Solutions S.L._68264b5fd79c3.jpg","11","2025-05-15 20:15:27","2025-05-15 20:15:27"
"31","Tech Solutions S.L._68264b5fd92a2.jpg","11","2025-05-15 20:15:27","2025-05-15 20:15:27"
"32","Tech Solutions S.L._68264b9ed1b14.jpg","12","2025-05-15 20:16:30","2025-05-15 20:16:30"
"33","Tech Solutions S.L._68264b9ed2c11.jpg","12","2025-05-15 20:16:30","2025-05-15 20:16:30"
"34","Tech Solutions S.L._68264bdea31f6.jpg","13","2025-05-15 20:17:34","2025-05-15 20:17:34"
"35","Tech Solutions S.L._68264bdea4232.jpg","13","2025-05-15 20:17:34","2025-05-15 20:17:34"
"36","Tech Solutions S.L._68264c47b8c3e.webp","14","2025-05-15 20:19:19","2025-05-15 20:19:19"
"37","Tech Solutions S.L._68264c47ba649.webp","14","2025-05-15 20:19:19","2025-05-15 20:19:19"
"38","Tech Solutions S.L._68264c9015181.webp","15","2025-05-15 20:20:32","2025-05-15 20:20:32"
"39","Tech Solutions S.L._68264c9016199.webp","15","2025-05-15 20:20:32","2025-05-15 20:20:32"
"40","Tech Solutions S.L._68264c90170ca.webp","15","2025-05-15 20:20:32","2025-05-15 20:20:32"
"41","Tech Solutions S.L._68264ce6ef2b1.jpg","16","2025-05-15 20:21:58","2025-05-15 20:21:58"
"42","Tech Solutions S.L._68264ce6f0582.jpg","16","2025-05-15 20:21:58","2025-05-15 20:21:58"
"43","Tech Solutions S.L._68264d3786cc4.webp","17","2025-05-15 20:23:19","2025-05-15 20:23:19"
"44","Tech Solutions S.L._68264d37885a8.webp","17","2025-05-15 20:23:19","2025-05-15 20:23:19"
"45","Electronics S.L._68264db247e7b.webp","18","2025-05-15 20:25:22","2025-05-15 20:25:22"
"46","Electronics S.L._68264db248eac.webp","18","2025-05-15 20:25:22","2025-05-15 20:25:22"
"47","Electronics S.L._68264dece478e.webp","19","2025-05-15 20:26:20","2025-05-15 20:26:20"
"48","Electronics S.L._68264dece5842.webp","19","2025-05-15 20:26:20","2025-05-15 20:26:20"
"49","Electronics S.L._68264e3963c72.webp","20","2025-05-15 20:27:37","2025-05-15 20:27:37"
"50","Electronics S.L._68264e3964c24.webp","20","2025-05-15 20:27:37","2025-05-15 20:27:37"
"51","Electronics S.L._68264e7a34fcc.webp","21","2025-05-15 20:28:42","2025-05-15 20:28:42"
"52","Electronics S.L._68264e7a36851.webp","21","2025-05-15 20:28:42","2025-05-15 20:28:42"
"53","Electronics S.L._68264ec54be89.jpg","22","2025-05-15 20:29:57","2025-05-15 20:29:57"
"54","Electronics S.L._68264f06d8b28.webp","23","2025-05-15 20:31:02","2025-05-15 20:31:02"
"55","Electronics S.L._68264f06d9cf0.webp","23","2025-05-15 20:31:02","2025-05-15 20:31:02"
"56","Electronics S.L._68264f4715a32.webp","24","2025-05-15 20:32:07","2025-05-15 20:32:07"
"57","Electronics S.L._68264f47169cc.webp","24","2025-05-15 20:32:07","2025-05-15 20:32:07"
"58","Electronics S.L._68264f7d22bc3.jpg","25","2025-05-15 20:33:01","2025-05-15 20:33:01"
"59","Electronics S.L._68264f7d246df.jpg","25","2025-05-15 20:33:01","2025-05-15 20:33:01"
"60","Electronics S.L._68264fbdb24f4.webp","26","2025-05-15 20:34:05","2025-05-15 20:34:05"
"61","Electronics S.L._68264fbdb3580.webp","26","2025-05-15 20:34:05","2025-05-15 20:34:05"
"62","Electronics S.L._682650014e6c4.webp","27","2025-05-15 20:35:13","2025-05-15 20:35:13"
"63","Electronics S.L._682650014f827.webp","27","2025-05-15 20:35:13","2025-05-15 20:35:13"
"64","Electronics S.L._682650485bbaa.webp","28","2025-05-15 20:36:24","2025-05-15 20:36:24"
"65","Electronics S.L._682650485cc76.webp","28","2025-05-15 20:36:24","2025-05-15 20:36:24"
"66","Electronics S.L._682650870523c.jpg","29","2025-05-15 20:37:27","2025-05-15 20:37:27"
"67","Electronics S.L._6826508706fa4.jpg","29","2025-05-15 20:37:27","2025-05-15 20:37:27"
"68","Electronics S.L._682650c98d629.jpg","30","2025-05-15 20:38:33","2025-05-15 20:38:33"
"69","Electronics S.L._682650c98e6b9.jpg","30","2025-05-15 20:38:33","2025-05-15 20:38:33"
"70","Electronics S.L._682651098d0d9.webp","31","2025-05-15 20:39:37","2025-05-15 20:39:37"
"71","Electronics S.L._682651098e13d.webp","31","2025-05-15 20:39:37","2025-05-15 20:39:37"
"72","Electronics S.L._682651477ca89.webp","32","2025-05-15 20:40:39","2025-05-15 20:40:39"
"73","Electronics S.L._68265197939c5.webp","33","2025-05-15 20:41:59","2025-05-15 20:41:59"
"74","Electronics S.L._6826519794995.webp","33","2025-05-15 20:41:59","2025-05-15 20:41:59"
"75","Electronics S.L._682651f18f63a.webp","34","2025-05-15 20:43:29","2025-05-15 20:43:29"
"76","Electronics S.L._682651f190fd0.webp","34","2025-05-15 20:43:29","2025-05-15 20:43:29"
"77","Electronics S.L._68265237c831b.jpg","35","2025-05-15 20:44:39","2025-05-15 20:44:39"
"78","Electronics S.L._68265237c985e.jpg","35","2025-05-15 20:44:39","2025-05-15 20:44:39"
"79","Electronics S.L._6826527d09af7.jpg","36","2025-05-15 20:45:49","2025-05-15 20:45:49"
"80","Electronics S.L._6826527d0ab64.jpg","36","2025-05-15 20:45:49","2025-05-15 20:45:49"
"81","Electronics S.L._682652b3d69fe.jpg","37","2025-05-15 20:46:43","2025-05-15 20:46:43"
"82","Electronics S.L._68265312b496c.webp","38","2025-05-15 20:48:18","2025-05-15 20:48:18"
"83","Moda y Estilo S.A._682654de98697.webp","39","2025-05-15 20:55:58","2025-05-15 20:55:58"
"84","Moda y Estilo S.A._682654de9a017.webp","39","2025-05-15 20:55:58","2025-05-15 20:55:58"
"85","Moda y Estilo S.A._68265683c406d.avif","40","2025-05-15 21:02:59","2025-05-15 21:02:59"
"86","Moda y Estilo S.A._68265683c5149.avif","40","2025-05-15 21:02:59","2025-05-15 21:02:59"
"87","Moda y Estilo S.A._682657446a57a.jpg","41","2025-05-15 21:06:12","2025-05-15 21:06:12"
"88","Moda y Estilo S.A._682657446b660.jpg","41","2025-05-15 21:06:12","2025-05-15 21:06:12"
"89","Moda y Estilo S.A._6826577db5898.webp","42","2025-05-15 21:07:09","2025-05-15 21:07:09"
"90","Moda y Estilo S.A._6826577db697e.webp","42","2025-05-15 21:07:09","2025-05-15 21:07:09"
"91","Moda y Estilo S.A._682657c853bdf.webp","43","2025-05-15 21:08:24","2025-05-15 21:08:24"
"92","Moda y Estilo S.A._682657c854d83.webp","43","2025-05-15 21:08:24","2025-05-15 21:08:24"
"93","Moda y Estilo S.A._6826580eeac6c.webp","44","2025-05-15 21:09:34","2025-05-15 21:09:34"
"94","Moda y Estilo S.A._6826580eec66a.webp","44","2025-05-15 21:09:34","2025-05-15 21:09:34"
"95","Moda y Estilo S.A._6826580eed67e.webp","44","2025-05-15 21:09:34","2025-05-15 21:09:34"
"96","Moda y Estilo S.A._6826585b3157a.webp","45","2025-05-15 21:10:51","2025-05-15 21:10:51"
"97","Moda y Estilo S.A._6826585b3266c.webp","45","2025-05-15 21:10:51","2025-05-15 21:10:51"
"98","Moda y Estilo S.A._68265efa56fc1.jpg","46","2025-05-15 21:39:06","2025-05-15 21:39:06"
"99","Moda y Estilo S.A._68265efa581d1.jpg","46","2025-05-15 21:39:06","2025-05-15 21:39:06"
"100","Moda y Estilo S.A._68265fa4b04cf.avif","47","2025-05-15 21:41:56","2025-05-15 21:41:56"
"101","Moda y Estilo S.A._68265fa4b14d6.avif","47","2025-05-15 21:41:56","2025-05-15 21:41:56"
"102","Moda y Estilo S.A._6826600dd2e30.avif","48","2025-05-15 21:43:41","2025-05-15 21:43:41"
"103","Moda y Estilo S.A._6826600dd3eb3.avif","48","2025-05-15 21:43:41","2025-05-15 21:43:41"
"104","Moda y Estilo S.A._6826607ba4c4a.jpg","49","2025-05-15 21:45:31","2025-05-15 21:45:31"
"105","Moda y Estilo S.A._6826607ba5d73.jpg","49","2025-05-15 21:45:31","2025-05-15 21:45:31"
"106","Moda y Estilo S.A._682660caed65d.jpg","50","2025-05-15 21:46:50","2025-05-15 21:46:50"
"107","Moda y Estilo S.A._682660caee6e7.jpg","50","2025-05-15 21:46:50","2025-05-15 21:46:50"
"108","Moda y Estilo S.A._6826610fac24c.jpg","51","2025-05-15 21:47:59","2025-05-15 21:47:59"
"109","Moda y Estilo S.A._6826610fadcc0.jpg","51","2025-05-15 21:47:59","2025-05-15 21:47:59"
"110","Moda y Estilo S.A._682661417bc9a.jpg","52","2025-05-15 21:48:49","2025-05-15 21:48:49"
"111","Moda y Estilo S.A._682661417ce3e.jpg","52","2025-05-15 21:48:49","2025-05-15 21:48:49"
"112","Moda y Estilo S.A._6826616d9dcaf.jpg","53","2025-05-15 21:49:33","2025-05-15 21:49:33"
"113","Moda y Estilo S.A._6826616d9ecfd.jpg","53","2025-05-15 21:49:33","2025-05-15 21:49:33"
"114","Moda y Estilo S.A._682661c4e7542.jpg","54","2025-05-15 21:51:00","2025-05-15 21:51:00"
"115","Moda y Estilo S.A._682661c4e86ad.jpg","54","2025-05-15 21:51:00","2025-05-15 21:51:00"
"116","Moda y Estilo S.A._682661fb99f66.jpg","55","2025-05-15 21:51:55","2025-05-15 21:51:55"
"117","Moda y Estilo S.A._682661fb9afbf.jpg","55","2025-05-15 21:51:55","2025-05-15 21:51:55"
"118","Moda y Estilo S.A._6826628bb6e6c.jpg","56","2025-05-15 21:54:19","2025-05-15 21:54:19"
"119","Moda y Estilo S.A._6826628bb80b5.jpg","56","2025-05-15 21:54:19","2025-05-15 21:54:19"
"120","Moda y Estilo S.A._682662f792624.jpg","57","2025-05-15 21:56:07","2025-05-15 21:56:07"
"121","Moda y Estilo S.A._682662f793530.jpg","57","2025-05-15 21:56:07","2025-05-15 21:56:07"
"122","CasaConfort Ltda._682663ca081a9.jpg","58","2025-05-15 21:59:38","2025-05-15 21:59:38"
"123","CasaConfort Ltda._682663ca0a61d.jpg","58","2025-05-15 21:59:38","2025-05-15 21:59:38"
"124","CasaConfort Ltda._682663fb94648.jpg","59","2025-05-15 22:00:27","2025-05-15 22:00:27"
"125","CasaConfort Ltda._682663fb957be.jpg","59","2025-05-15 22:00:27","2025-05-15 22:00:27"
"126","CasaConfort Ltda._682664316aba8.jpg","60","2025-05-15 22:01:21","2025-05-15 22:01:21"
"127","CasaConfort Ltda._682664316bb24.jpg","60","2025-05-15 22:01:21","2025-05-15 22:01:21"
"128","CasaConfort Ltda._6826646defac8.jpg","61","2025-05-15 22:02:21","2025-05-15 22:02:21"
"129","CasaConfort Ltda._6826646df0c48.jpg","61","2025-05-15 22:02:21","2025-05-15 22:02:21"
"132","CasaConfort Ltda._6826651c32118.jpg","63","2025-05-15 22:05:16","2025-05-15 22:05:16"
"133","CasaConfort Ltda._6826651c335fa.jpg","63","2025-05-15 22:05:16","2025-05-15 22:05:16"
"138","CasaConfort Ltda._682666774803e.jpg","66","2025-05-15 22:11:03","2025-05-15 22:11:03"
"139","CasaConfort Ltda._6826667748f31.jpg","66","2025-05-15 22:11:03","2025-05-15 22:11:03"
"140","CasaConfort Ltda._682666ab6ca90.jpg","67","2025-05-15 22:11:55","2025-05-15 22:11:55"
"141","CasaConfort Ltda._682666ab6dad7.jpg","67","2025-05-15 22:11:55","2025-05-15 22:11:55"
"142","CasaConfort Ltda._682666e22c5e9.jpg","68","2025-05-15 22:12:50","2025-05-15 22:12:50"
"143","CasaConfort Ltda._682666e22d601.jpg","68","2025-05-15 22:12:50","2025-05-15 22:12:50"
"144","CasaConfort Ltda._682667439e5e0.jpg","69","2025-05-15 22:14:27","2025-05-15 22:14:27"
"145","CasaConfort Ltda._682667439f845.jpg","69","2025-05-15 22:14:27","2025-05-15 22:14:27"
"146","CasaConfort Ltda._682667783a1d4.jpg","70","2025-05-15 22:15:20","2025-05-15 22:15:20"
"147","CasaConfort Ltda._682667783b1ff.jpg","70","2025-05-15 22:15:20","2025-05-15 22:15:20"
"148","CasaConfort Ltda._682667bcb0ef7.jpg","71","2025-05-15 22:16:28","2025-05-15 22:16:28"
"149","CasaConfort Ltda._682667bcb2b1e.jpg","71","2025-05-15 22:16:28","2025-05-15 22:16:28"
